,Categoria de Risco - CRI,Dano Potencial Associado - DPA,Necessita de PAEBM,Inserido na PNSB,Nível de Emergência,Situação operacional da Back Up Dam,Vida útil prevista da Back Up Dam (Anos),Posicionamento (Back Up Dam),Altura Máxima do projeto da Back Up Dam (m),Teor (%) do minério principal inserido no rejeito,Tipo de Barragem de Mineração_Barragem/Barramento/Dique,Tipo de Barragem de Mineração_Cava com Barramento Construído,Tipo de Barragem de Mineração_Empilhamento drenado construído hidraulicamente e suscetível à liquefação,Cluster
0,3,3,1,1,1,0,0.0,1,0.0,0.05,1,0,0,2
1,2,1,0,0,0,0,0.0,1,0.0,0.04,1,0,0,0
2,3,2,0,1,1,0,0.0,1,0.0,0.05,1,0,0,0
3,3,3,1,1,1,0,0.0,1,0.0,0.04,1,0,0,2
4,3,3,1,1,1,0,0.0,1,0.0,0.05,1,0,0,2
5,3,2,0,1,1,0,0.0,1,0.0,0.02,0,1,0,3
6,2,3,1,1,0,0,0.0,1,0.0,0.02,1,0,0,2
7,2,1,0,0,0,0,0.0,1,0.0,2.0,1,0,0,0
8,1,1,0,0,0,0,0.0,1,0.0,10.0,0,1,0,3
9,2,1,0,0,0,0,0.0,1,0.0,10.0,1,0,0,0
10,2,1,0,0,0,0,0.0,1,0.0,0.04,0,1,0,3
11,2,1,0,0,0,0,0.0,1,0.0,0.01,1,0,0,0
12,2,1,0,0,0,0,0.0,1,0.0,1.0,0,1,0,3
13,2,1,0,0,0,0,0.0,1,0.0,0.0,1,0,0,0
14,2,1,0,0,0,0,0.0,1,0.0,0.0,1,0,0,0
15,2,1,0,0,0,0,0.0,1,0.0,0.0,1,0,0,0
16,2,1,0,0,0,0,0.0,1,0.0,0.0,1,0,0,0
17,2,1,0,0,0,0,0.0,1,0.0,0.0,1,0,0,0
18,2,1,0,0,0,0,0.0,1,0.0,0.0,1,0,0,0
19,2,1,0,0,0,0,0.0,1,0.0,0.0,1,0,0,0
20,2,1,0,0,0,0,0.0,1,0.0,0.0,1,0,0,0
21,2,2,0,1,0,0,0.0,1,0.0,0.01,1,0,0,0
22,2,2,0,1,0,0,0.0,1,0.0,0.01,1,0,0,0
23,2,1,0,0,0,0,0.0,1,0.0,10.0,1,0,0,0
24,1,1,0,0,0,0,0.0,1,0.0,5.0,1,0,0,0
25,1,2,0,1,0,0,0.0,1,0.0,0.01,1,0,0,0
26,2,1,0,0,0,0,0.0,1,0.0,0.0,1,0,0,0
27,1,1,0,0,0,0,0.0,1,0.0,5.0,1,0,0,0
28,2,1,0,0,0,0,0.0,1,0.0,10.0,1,0,0,0
29,1,1,0,0,0,0,0.0,1,0.0,0.0,0,1,0,3
30,2,2,0,1,0,0,0.0,1,0.0,0.01,1,0,0,0
31,1,1,0,0,0,0,0.0,1,0.0,5.0,1,0,0,0
32,2,1,0,0,0,0,0.0,1,0.0,0.0,1,0,0,0
33,2,1,0,0,0,0,0.0,1,0.0,0.0,1,0,0,0
34,2,1,0,0,0,0,0.0,1,0.0,2.0,1,0,0,0
35,2,1,0,0,0,0,0.0,1,0.0,0.01,1,0,0,0
36,2,1,0,0,0,0,0.0,1,0.0,0.11,1,0,0,0
37,1,3,1,1,0,0,0.0,1,0.0,0.01,1,0,0,2
38,2,3,1,1,0,0,0.0,1,0.0,0.0,1,0,0,2
39,2,1,0,0,0,0,0.0,1,0.0,0.01,1,0,0,0
40,1,3,1,1,0,0,0.0,1,0.0,0.01,1,0,0,2
41,1,3,1,1,0,0,0.0,1,0.0,0.11,1,0,0,2
42,1,3,1,1,0,0,0.0,1,0.0,0.01,1,0,0,2
43,1,3,1,1,0,0,0.0,1,0.0,0.0,1,0,0,2
44,2,1,0,0,0,0,0.0,1,0.0,0.01,1,0,0,0
45,2,1,0,0,0,0,0.0,1,0.0,0.0,1,0,0,0
46,3,3,1,1,1,0,0.0,1,0.0,0.11,1,0,0,2
47,2,1,0,0,0,0,0.0,1,0.0,0.11,1,0,0,0
48,3,2,0,1,1,0,0.0,1,0.0,0.01,1,0,0,0
49,2,1,0,0,0,0,0.0,1,0.0,0.0,1,0,0,0
50,1,1,0,0,0,0,0.0,1,0.0,15.0,1,0,0,0
51,1,3,1,1,0,0,0.0,1,0.0,15.0,1,0,0,2
52,2,1,0,0,0,0,0.0,1,0.0,15.0,1,0,0,0
53,1,3,1,1,0,0,0.0,1,0.0,98.0,1,0,0,2
54,1,3,1,1,0,0,0.0,1,0.0,8.0,1,0,0,2
55,1,3,1,1,0,0,0.0,1,0.0,8.0,1,0,0,2
56,1,3,1,1,0,0,0.0,1,0.0,8.0,1,0,0,2
57,1,3,1,1,0,0,0.0,1,0.0,98.0,1,0,0,2
58,1,3,1,1,0,0,0.0,1,0.0,8.0,1,0,0,2
59,1,3,1,1,0,0,0.0,1,0.0,8.0,1,0,0,2
60,1,3,1,1,0,0,0.0,1,0.0,98.0,1,0,0,2
61,1,3,1,1,0,0,0.0,1,0.0,8.0,1,0,0,2
62,1,3,1,1,0,0,0.0,1,0.0,8.0,1,0,0,2
63,1,1,0,0,0,0,0.0,1,0.0,0.0,1,0,0,0
64,2,1,0,0,0,0,0.0,1,0.0,0.0,1,0,0,0
65,1,1,0,0,0,0,0.0,1,0.0,0.0,1,0,0,0
66,1,1,0,0,0,0,0.0,1,0.0,0.0,1,0,0,0
67,2,1,0,0,0,0,0.0,1,0.0,0.0,1,0,0,0
68,1,1,0,0,0,0,0.0,1,0.0,0.0,1,0,0,0
69,2,1,0,0,0,0,0.0,1,0.0,0.0,1,0,0,0
70,1,1,0,0,0,0,0.0,1,0.0,0.0,1,0,0,0
71,1,3,1,1,0,0,0.0,1,0.0,0.06,1,0,0,2
72,1,1,0,0,0,0,0.0,1,0.0,0.0,1,0,0,0
73,1,1,0,0,0,0,0.0,1,0.0,0.0,1,0,0,0
74,1,1,0,0,0,0,0.0,1,0.0,0.0,1,0,0,0
75,1,2,0,1,0,0,0.0,1,0.0,0.08,1,0,0,0
76,0,0,0,0,0,0,0.0,1,0.0,0.0,1,0,0,0
77,1,1,0,0,0,0,0.0,1,0.0,0.1,1,0,0,0
78,1,1,0,0,0,0,0.0,1,0.0,0.0,1,0,0,0
79,2,1,0,0,0,0,0.0,1,0.0,0.1,1,0,0,0
80,1,1,0,0,0,0,0.0,1,0.0,0.0,1,0,0,0
84,2,1,0,1,0,0,0.0,1,0.0,0.05,1,0,0,0
85,1,1,0,1,0,0,0.0,1,0.0,2.0,1,0,0,0
86,0,0,0,0,0,0,0.0,1,0.0,0.0,1,0,0,0
87,2,1,0,0,0,0,0.0,1,0.0,0.0,1,0,0,0
88,1,1,0,1,0,0,0.0,1,0.0,0.01,1,0,0,0
89,0,0,0,0,0,0,0.0,1,0.0,0.0,1,0,0,0
90,2,2,0,1,0,0,0.0,1,0.0,0.0,1,0,0,0
91,3,1,0,1,1,0,0.0,1,0.0,0.0,1,0,0,0
92,3,2,0,1,1,0,0.0,1,0.0,0.01,1,0,0,0
93,3,2,0,1,1,0,0.0,1,0.0,0.01,1,0,0,0
94,1,1,0,0,0,0,0.0,1,0.0,0.0,1,0,0,0
95,0,0,0,0,0,0,0.0,1,0.0,0.0,1,0,0,0
96,1,2,0,1,0,0,0.0,1,0.0,9.24,0,1,0,3
97,1,2,0,1,0,0,0.0,1,0.0,15.0,0,1,0,3
98,1,2,0,1,0,0,0.0,1,0.0,9.24,1,0,0,0
99,1,1,0,0,0,0,0.0,1,0.0,9.24,0,1,0,3
100,1,2,0,1,0,0,0.0,1,0.0,9.24,0,1,0,3
101,1,2,0,1,0,0,0.0,1,0.0,9.24,0,1,0,3
102,1,2,0,1,0,0,0.0,1,0.0,9.24,1,0,0,0
103,1,1,0,0,0,0,0.0,1,0.0,15.0,0,1,0,3
104,1,2,0,1,0,0,0.0,1,0.0,9.24,1,0,0,0
105,1,3,1,1,0,0,0.0,1,0.0,0.48,1,0,0,2
106,3,3,1,1,1,0,0.0,1,0.0,19.65,1,0,0,2
107,1,3,1,1,4,0,0.0,1,0.0,19.65,1,0,0,2
108,1,3,1,1,0,0,0.0,1,0.0,0.0,1,0,0,2
109,1,3,1,1,0,0,0.0,1,0.0,0.0,1,0,0,2
110,1,2,0,1,0,0,0.0,1,0.0,0.0,1,0,0,0
111,1,3,1,1,0,0,0.0,1,0.0,0.0,1,0,0,2
112,3,2,0,1,1,0,0.0,1,0.0,19.65,1,0,0,0
113,1,2,0,1,0,0,0.0,1,0.0,100.0,1,0,0,2
114,1,2,0,1,0,0,0.0,1,0.0,100.0,1,0,0,2
115,1,2,0,1,0,0,0.0,1,0.0,100.0,1,0,0,2
116,1,2,0,1,0,0,0.0,1,0.0,100.0,1,0,0,2
117,0,0,0,0,0,0,0.0,1,0.0,0.0,1,0,0,0
118,1,2,0,1,0,0,0.0,1,0.0,100.0,1,0,0,2
119,0,0,0,0,0,0,0.0,1,0.0,0.0,1,0,0,0
120,1,2,0,1,0,0,0.0,1,0.0,100.0,1,0,0,2
121,1,2,0,1,0,0,0.0,1,0.0,100.0,1,0,0,2
122,1,2,0,1,0,0,0.0,1,0.0,100.0,1,0,0,2
123,1,2,0,1,0,0,0.0,1,0.0,100.0,1,0,0,2
124,1,2,0,1,0,0,0.0,1,0.0,100.0,1,0,0,2
125,1,2,0,1,0,0,0.0,1,0.0,100.0,1,0,0,2
126,1,2,0,1,0,0,0.0,1,0.0,100.0,1,0,0,2
127,1,2,0,1,0,0,0.0,1,0.0,100.0,1,0,0,2
128,1,2,0,1,0,0,0.0,1,0.0,100.0,1,0,0,2
129,1,2,0,1,0,0,0.0,1,0.0,100.0,1,0,0,2
130,1,2,0,1,0,0,0.0,1,0.0,100.0,1,0,0,2
131,2,2,0,1,0,0,0.0,1,0.0,100.0,1,0,0,2
132,1,2,0,1,0,0,0.0,1,0.0,100.0,1,0,0,2
133,1,2,0,1,0,0,0.0,1,0.0,0.0,1,0,0,0
134,2,2,0,1,0,0,0.0,1,0.0,27.0,1,0,0,0
135,2,3,1,1,0,0,0.0,1,0.0,100.0,1,0,0,2
136,0,0,0,0,0,0,0.0,1,0.0,0.0,1,0,0,0
137,1,2,0,1,0,0,0.0,1,0.0,100.0,1,0,0,2
138,1,2,0,1,0,0,0.0,1,0.0,100.0,1,0,0,2
139,2,2,0,1,0,0,0.0,1,0.0,100.0,1,0,0,2
140,1,2,0,1,0,0,0.0,1,0.0,0.0,1,0,0,0
141,2,3,1,1,0,0,0.0,1,0.0,100.0,1,0,0,2
142,1,2,0,1,0,0,0.0,1,0.0,100.0,1,0,0,2
143,1,2,0,1,0,0,0.0,1,0.0,100.0,1,0,0,2
144,1,2,0,1,0,0,0.0,1,0.0,100.0,1,0,0,2
145,1,1,0,0,0,0,0.0,1,0.0,0.0,1,0,0,0
146,1,3,1,1,0,0,0.0,1,0.0,0.0,1,0,0,2
147,1,3,1,1,0,0,0.0,1,0.0,18.14,1,0,0,2
148,1,2,0,1,0,0,0.0,1,0.0,18.14,1,0,0,0
149,1,1,0,1,0,0,0.0,1,0.0,0.0,1,0,0,0
150,1,1,0,1,0,0,0.0,1,0.0,0.0,1,0,0,0
151,1,2,0,1,0,0,0.0,1,0.0,0.0,1,0,0,0
152,0,0,0,0,0,0,0.0,1,0.0,0.0,1,0,0,0
153,1,2,0,1,0,0,0.0,1,0.0,0.0,1,0,0,0
154,1,3,1,1,0,0,0.0,1,0.0,23.5,1,0,0,2
155,1,1,0,0,0,0,0.0,1,0.0,0.0,1,0,0,0
156,1,3,1,1,0,0,0.0,1,0.0,0.0,1,0,0,2
157,1,1,0,0,0,0,0.0,1,0.0,0.0,1,0,0,0
159,1,1,0,0,0,0,0.0,1,0.0,0.0,1,0,0,0
160,1,3,1,1,0,0,0.0,1,0.0,63.0,1,0,0,2
161,1,3,1,1,0,0,0.0,1,0.0,0.0,1,0,0,2
162,2,1,0,0,0,0,0.0,1,0.0,5.0,1,0,0,0
163,2,1,0,0,0,0,0.0,1,0.0,0.0,1,0,0,0
164,1,1,0,0,0,0,0.0,1,0.0,0.0,1,0,0,0
165,1,1,0,0,0,0,0.0,1,0.0,0.0,1,0,0,0
166,1,1,0,0,0,0,0.0,1,0.0,0.0,1,0,0,0
167,2,1,0,0,0,0,0.0,1,0.0,0.0,1,0,0,0
168,1,1,0,0,0,0,0.0,1,0.0,0.0,1,0,0,0
169,1,1,0,0,0,0,0.0,1,0.0,0.0,1,0,0,0
170,2,2,0,1,0,0,0.0,1,0.0,18.0,1,0,0,0
171,1,3,1,1,0,0,0.0,1,0.0,8.0,1,0,0,2
172,1,3,1,1,0,0,0.0,1,0.0,8.0,1,0,0,2
173,1,3,1,1,0,0,0.0,1,0.0,8.0,1,0,0,2
174,2,1,0,0,0,0,0.0,1,0.0,0.4,1,0,0,0
175,2,1,0,0,0,0,0.0,1,0.0,0.01,1,0,0,0
176,2,1,0,0,0,0,0.0,1,0.0,0.02,1,0,0,0
177,2,1,0,0,0,0,0.0,1,0.0,15.0,1,0,0,0
178,2,1,0,0,0,0,0.0,1,0.0,10.0,1,0,0,0
179,2,1,0,0,0,0,0.0,1,0.0,28.0,1,0,0,0
180,1,1,0,1,0,0,0.0,1,0.0,44.75,1,0,0,0
181,2,1,0,0,0,0,0.0,1,0.0,1.5,1,0,0,0
182,2,1,0,0,0,0,0.0,1,0.0,1.5,1,0,0,0
183,2,1,0,0,0,0,0.0,1,0.0,1.5,1,0,0,0
184,2,1,0,0,0,0,0.0,1,0.0,1.5,1,0,0,0
185,1,2,0,1,0,0,0.0,1,0.0,0.0,1,0,0,0
186,2,2,0,1,0,0,0.0,1,0.0,2.0,1,0,0,0
187,2,2,0,1,0,0,0.0,1,0.0,0.0,1,0,0,0
188,1,1,0,1,0,0,0.0,1,0.0,0.1,1,0,0,0
189,1,1,0,0,0,0,0.0,1,0.0,0.01,1,0,0,0
190,1,3,1,1,0,0,0.0,1,0.0,2.5,1,0,0,2
191,2,1,0,0,0,0,0.0,1,0.0,0.0,1,0,0,0
192,2,1,0,0,0,0,0.0,1,0.0,90.0,1,0,0,0
193,1,1,0,0,0,0,0.0,1,0.0,0.0,1,0,0,0
194,1,1,0,0,0,0,0.0,1,0.0,0.0,1,0,0,0
195,1,1,0,0,0,0,0.0,1,0.0,0.0,1,0,0,0
196,2,1,0,0,0,0,0.0,1,0.0,0.01,1,0,0,0
198,1,3,1,1,0,0,0.0,1,0.0,0.01,1,0,0,2
199,2,1,0,0,0,0,0.0,1,0.0,0.0,1,0,0,0
200,2,1,0,0,0,0,0.0,1,0.0,0.0,1,0,0,0
201,2,1,0,0,0,0,0.0,1,0.0,2.0,1,0,0,0
202,1,3,1,1,0,0,0.0,1,0.0,34.0,1,0,0,2
203,1,2,0,1,0,0,0.0,1,0.0,2.4,1,0,0,0
204,1,2,0,1,0,0,0.0,1,0.0,2.4,1,0,0,0
205,1,1,0,0,0,0,0.0,1,0.0,4.0,1,0,0,0
206,2,1,0,0,0,0,0.0,1,0.0,6.5,1,0,0,0
207,2,1,0,0,0,0,0.0,1,0.0,6.5,1,0,0,0
208,2,1,0,0,0,0,0.0,1,0.0,6.5,1,0,0,0
209,1,3,1,1,0,0,0.0,1,0.0,12.0,1,0,0,2
210,1,3,1,1,0,0,0.0,1,0.0,0.01,1,0,0,2
211,1,3,1,1,0,0,0.0,1,0.0,0.01,1,0,0,2
212,2,1,0,0,0,0,0.0,1,0.0,5.0,1,0,0,0
213,2,1,0,0,0,0,0.0,1,0.0,60.0,1,0,0,0
214,2,1,0,0,0,0,0.0,1,0.0,0.0,1,0,0,0
215,2,2,1,1,0,0,0.0,1,0.0,0.01,1,0,0,2
216,2,2,1,1,0,0,0.0,1,0.0,0.01,1,0,0,2
217,2,2,1,1,0,0,0.0,1,0.0,0.01,1,0,0,2
218,3,1,0,1,0,0,0.0,1,0.0,0.0,1,0,0,0
219,2,2,1,1,0,0,0.0,1,0.0,0.01,1,0,0,2
220,1,3,1,1,0,0,0.0,1,0.0,6.0,0,1,0,3
221,2,1,0,0,0,0,0.0,1,0.0,6.0,0,1,0,3
222,2,1,0,0,0,0,0.0,1,0.0,0.0,1,0,0,0
223,1,3,1,1,0,0,0.0,1,0.0,0.22,1,0,0,2
224,2,1,0,0,0,0,0.0,1,0.0,0.0,1,0,0,0
225,2,3,1,1,0,0,0.0,1,0.0,0.01,1,0,0,2
226,1,3,1,1,0,0,0.0,1,0.0,0.01,1,0,0,2
227,1,1,0,0,0,0,0.0,1,0.0,0.15,0,0,1,4
228,1,1,0,0,0,0,0.0,1,0.0,0.15,0,0,1,4
229,1,1,0,0,0,0,0.0,1,0.0,0.15,0,0,1,4
230,1,1,0,0,0,0,0.0,1,0.0,0.15,0,0,1,4
231,1,1,0,0,0,0,0.0,1,0.0,0.15,0,0,1,4
232,1,1,0,0,0,0,0.0,1,0.0,0.15,0,0,1,4
233,1,1,0,0,0,0,0.0,1,0.0,0.15,0,0,1,4
234,1,1,0,0,0,0,0.0,1,0.0,0.15,0,0,1,4
235,2,1,0,0,0,0,0.0,1,0.0,0.15,0,0,1,4
236,1,1,0,0,0,0,0.0,1,0.0,0.15,0,0,1,4
237,1,1,0,0,0,0,0.0,1,0.0,0.15,0,0,1,4
238,1,1,0,0,0,0,0.0,1,0.0,0.15,0,0,1,4
239,1,1,0,0,0,0,0.0,1,0.0,0.15,0,0,1,4
240,2,1,0,0,0,0,0.0,1,0.0,0.15,0,0,1,4
241,1,1,0,0,0,0,0.0,1,0.0,0.15,0,0,1,4
242,1,1,0,0,0,0,0.0,1,0.0,0.15,1,0,0,0
243,1,1,0,0,0,0,0.0,1,0.0,0.15,0,0,1,4
244,1,1,0,0,0,0,0.0,1,0.0,0.15,0,0,1,4
245,1,1,0,0,0,0,0.0,1,0.0,0.15,1,0,0,0
246,1,1,0,0,0,0,0.0,1,0.0,0.12,1,0,0,0
247,1,1,0,0,0,0,0.0,1,0.0,0.15,0,0,1,4
248,2,1,0,0,0,0,0.0,1,0.0,0.15,0,0,1,4
249,1,1,0,0,0,0,0.0,1,0.0,0.15,0,0,1,4
250,1,1,0,0,0,0,0.0,1,0.0,0.15,0,0,1,4
251,1,1,0,0,0,0,0.0,1,0.0,0.15,0,0,1,4
252,1,1,0,0,0,0,0.0,1,0.0,0.16,0,0,1,4
253,1,1,0,0,0,0,0.0,1,0.0,0.15,0,0,1,4
254,1,1,0,0,0,0,0.0,1,0.0,0.15,0,0,1,4
255,1,1,0,0,0,0,0.0,1,0.0,0.15,0,0,1,4
256,1,1,0,0,0,0,0.0,1,0.0,0.15,1,0,0,0
257,1,1,0,0,0,0,0.0,1,0.0,0.15,0,0,1,4
258,1,1,0,0,0,0,0.0,1,0.0,0.15,0,0,1,4
259,1,1,0,0,0,0,0.0,1,0.0,0.15,0,0,1,4
260,1,1,0,0,0,0,0.0,1,0.0,0.15,0,0,1,4
261,1,1,0,0,0,0,0.0,1,0.0,0.15,0,0,1,4
262,1,1,0,0,0,0,0.0,1,0.0,0.15,1,0,0,0
263,1,1,0,0,0,0,0.0,1,0.0,0.15,0,0,1,4
264,2,1,0,0,0,0,0.0,1,0.0,0.0,1,0,0,0
265,1,1,0,0,0,0,0.0,1,0.0,0.15,0,0,1,4
266,2,1,0,0,0,0,0.0,1,0.0,0.15,0,0,1,4
267,1,1,0,0,0,0,0.0,1,0.0,0.15,0,0,1,4
268,1,1,0,0,0,0,0.0,1,0.0,0.15,0,0,1,4
269,1,1,0,0,0,0,0.0,1,0.0,0.15,0,0,1,4
270,1,1,0,0,0,0,0.0,1,0.0,0.15,0,0,1,4
271,1,1,0,0,0,0,0.0,1,0.0,0.15,0,0,1,4
272,1,2,0,1,0,0,0.0,1,0.0,0.16,1,0,0,0
273,1,1,0,0,0,0,0.0,1,0.0,0.15,0,0,1,4
274,1,1,0,0,0,0,0.0,1,0.0,0.15,0,0,1,4
275,1,1,0,0,0,0,0.0,1,0.0,0.15,1,0,0,0
276,2,1,0,0,0,0,0.0,1,0.0,0.16,0,0,1,4
277,3,2,0,1,1,0,0.0,1,0.0,3.08,1,0,0,0
278,3,2,0,1,1,0,0.0,1,0.0,3.05,1,0,0,0
279,0,0,0,0,0,0,0.0,1,0.0,0.0,1,0,0,0
280,2,2,0,1,0,0,0.0,1,0.0,3.08,1,0,0,0
281,1,2,0,1,0,0,0.0,1,0.0,0.3,1,0,0,0
282,1,2,0,1,0,0,0.0,1,0.0,0.3,1,0,0,0
283,0,0,0,0,0,0,0.0,1,0.0,0.0,1,0,0,0
284,1,2,0,1,0,0,0.0,1,0.0,0.3,1,0,0,0
285,2,1,0,0,0,0,0.0,1,0.0,11.0,1,0,0,0
286,2,1,0,0,0,0,0.0,1,0.0,11.0,1,0,0,0
287,1,3,1,1,0,0,0.0,1,0.0,6.37,1,0,0,2
288,1,3,1,1,0,0,0.0,1,0.0,0.52,1,0,0,2
289,2,1,0,0,0,0,0.0,1,0.0,11.0,1,0,0,0
290,2,1,0,0,0,0,0.0,1,0.0,0.0,1,0,0,0
291,2,1,0,0,0,0,0.0,1,0.0,0.0,1,0,0,0
292,2,1,0,0,0,0,0.0,1,0.0,0.0,1,0,0,0
293,2,1,0,0,0,0,0.0,1,0.0,0.0,1,0,0,0
294,2,1,0,0,0,0,0.0,1,0.0,0.0,1,0,0,0
295,1,1,0,0,0,0,0.0,1,0.0,0.0,1,0,0,0
296,1,3,1,1,0,0,0.0,1,0.0,0.0,1,0,0,2
297,1,1,0,0,0,0,0.0,1,0.0,0.0,1,0,0,0
298,1,3,1,1,0,0,0.0,1,0.0,0.0,1,0,0,2
299,1,3,1,1,0,0,0.0,1,0.0,6.11,1,0,0,2
300,1,3,1,1,0,0,0.0,1,0.0,0.0,1,0,0,2
301,1,3,1,1,0,0,0.0,1,0.0,6.11,1,0,0,2
302,1,3,1,1,0,0,0.0,1,0.0,0.0,1,0,0,2
303,1,1,0,0,0,0,0.0,1,0.0,0.0,1,0,0,0
304,1,3,1,1,0,0,0.0,1,0.0,6.0,1,0,0,2
305,1,1,0,1,0,0,0.0,1,0.0,0.0,1,0,0,0
306,1,1,0,1,0,0,0.0,1,0.0,6.11,1,0,0,0
307,1,3,1,1,4,0,0.0,1,0.0,0.0,1,0,0,2
308,1,3,1,1,4,0,0.0,1,0.0,0.0,1,0,0,2
309,2,1,0,0,0,0,0.0,1,0.0,0.0,1,0,0,0
310,3,3,1,1,1,0,0.0,1,0.0,20.01,1,0,0,2
311,2,1,0,0,0,0,0.0,1,0.0,0.0,1,0,0,0
312,1,1,0,0,0,0,0.0,1,0.0,0.0,1,0,0,0
313,2,1,0,0,0,0,0.0,1,0.0,0.0,1,0,0,0
314,2,3,1,1,4,1,10.0,1,40.0,0.0,1,0,0,1
315,1,3,1,1,0,0,0.0,1,0.0,20.01,1,0,0,2
316,3,3,1,1,3,1,10.0,1,40.0,40.0,1,0,0,1
317,2,1,0,0,0,0,0.0,1,0.0,0.0,1,0,0,0
318,1,1,0,0,0,0,0.0,1,0.0,0.0,1,0,0,0
319,2,1,0,0,0,0,0.0,1,0.0,0.0,1,0,0,0
320,2,1,0,0,0,0,0.0,1,0.0,0.0,1,0,0,0
321,2,1,0,0,0,0,0.0,1,0.0,0.0,1,0,0,0
322,2,1,0,0,0,0,0.0,1,0.0,0.0,1,0,0,0
323,2,1,0,0,0,0,0.0,1,0.0,0.0,1,0,0,0
324,1,1,0,0,0,0,0.0,1,0.0,0.0,1,0,0,0
325,1,3,1,1,0,0,0.0,1,0.0,0.0,1,0,0,2
326,1,3,1,1,0,0,0.0,1,0.0,0.0,1,0,0,2
327,1,1,0,0,0,0,0.0,1,0.0,0.0,1,0,0,0
328,1,3,1,1,0,0,0.0,1,0.0,5.0,1,0,0,2
329,1,1,0,0,0,0,0.0,1,0.0,0.0,1,0,0,0
330,3,3,1,1,1,0,0.0,1,0.0,42.05,1,0,0,2
331,1,1,0,0,0,0,0.0,1,0.0,0.0,1,0,0,0
332,2,1,0,0,0,0,0.0,1,0.0,0.0,1,0,0,0
333,2,3,1,1,4,0,0.0,1,0.0,0.0,1,0,0,2
334,1,3,1,1,0,0,0.0,1,0.0,0.0,1,0,0,2
335,1,2,0,1,0,0,0.0,1,0.0,0.0,1,0,0,0
336,2,1,0,0,0,0,0.0,1,0.0,0.0,1,0,0,0
337,2,1,0,0,0,0,0.0,1,0.0,0.0,1,0,0,0
338,1,3,1,1,0,0,0.0,1,0.0,45.0,1,0,0,2
339,2,3,1,1,4,0,0.0,1,0.0,0.0,1,0,0,2
340,1,3,1,1,0,0,0.0,1,0.0,0.0,1,0,0,2
341,1,2,0,1,0,0,0.0,1,0.0,0.0,1,0,0,0
342,1,3,1,1,0,0,0.0,1,0.0,47.0,1,0,0,2
343,2,1,0,0,0,0,0.0,1,0.0,0.0,1,0,0,0
344,1,1,0,1,0,0,0.0,1,0.0,50.0,1,0,0,0
345,1,1,0,1,0,0,0.0,1,0.0,0.0,1,0,0,0
346,2,1,0,0,0,0,0.0,1,0.0,0.0,1,0,0,0
347,2,1,0,0,0,0,0.0,1,0.0,0.0,1,0,0,0
348,1,1,0,0,0,0,0.0,1,0.0,0.0,1,0,0,0
349,2,1,0,0,0,0,0.0,1,0.0,0.0,1,0,0,0
350,3,2,0,1,1,0,0.0,1,0.0,0.0,1,0,0,0
351,2,1,0,0,0,0,0.0,1,0.0,0.0,1,0,0,0
352,1,1,0,1,0,0,0.0,1,0.0,50.0,1,0,0,0
353,3,3,1,1,1,0,0.0,1,0.0,0.0,1,0,0,2
354,1,3,1,1,0,0,0.0,1,0.0,99.0,0,1,0,3
355,1,3,1,1,0,0,0.0,1,0.0,99.0,0,1,0,3
356,3,3,1,1,1,0,0.0,1,0.0,0.0,1,0,0,2
357,2,2,0,1,0,0,0.0,1,0.0,0.0,1,0,0,0
358,3,3,1,1,1,0,0.0,1,0.0,0.7,1,0,0,2
359,2,1,0,0,0,0,0.0,1,0.0,0.0,1,0,0,0
360,2,1,0,0,0,0,0.0,1,0.0,0.0,1,0,0,0
361,2,1,0,0,0,0,0.0,1,0.0,0.0,1,0,0,0
362,1,3,1,1,0,0,0.0,1,0.0,0.0,1,0,0,2
363,2,1,0,0,0,0,0.0,1,0.0,0.0,1,0,0,0
364,2,1,0,0,0,0,0.0,1,0.0,0.0,1,0,0,0
365,1,2,0,1,0,0,0.0,1,0.0,0.0,1,0,0,0
366,1,3,1,1,0,0,0.0,1,0.0,0.0,1,0,0,2
367,1,3,1,1,0,0,0.0,1,0.0,0.0,1,0,0,2
368,1,2,0,1,0,0,0.0,1,0.0,0.0,1,0,0,0
369,1,3,1,1,0,0,0.0,1,0.0,14.97,1,0,0,2
370,1,3,1,1,0,0,0.0,1,0.0,0.01,1,0,0,2
371,0,0,0,0,0,0,0.0,1,0.0,0.0,1,0,0,0
372,2,1,0,0,0,0,0.0,1,0.0,0.0,1,0,0,0
373,2,1,0,0,0,0,0.0,1,0.0,0.0,1,0,0,0
374,1,2,0,1,0,0,0.0,1,0.0,0.0,1,0,0,0
375,1,3,1,1,0,0,0.0,1,0.0,0.0,1,0,0,2
376,1,3,1,1,0,0,0.0,1,0.0,42.0,1,0,0,2
377,1,3,1,1,4,0,0.0,1,0.0,0.0,1,0,0,2
378,2,3,1,1,0,0,0.0,1,0.0,0.0,1,0,0,2
379,2,1,0,0,0,0,0.0,1,0.0,0.0,1,0,0,0
380,1,3,1,1,0,0,0.0,1,0.0,0.0,1,0,0,2
381,1,3,1,1,0,0,0.0,1,0.0,42.0,1,0,0,2
382,1,2,0,1,0,0,0.0,1,0.0,0.0,1,0,0,0
383,2,1,0,0,0,0,0.0,1,0.0,0.0,1,0,0,0
384,2,1,0,0,0,0,0.0,1,0.0,0.0,1,0,0,0
385,2,1,0,0,0,0,0.0,1,0.0,50.0,1,0,0,0
386,3,1,0,1,1,0,0.0,1,0.0,50.0,1,0,0,0
387,3,3,1,1,1,0,0.0,1,0.0,0.32,1,0,0,2
388,1,3,1,1,0,0,0.0,1,0.0,45.0,1,0,0,2
389,2,3,1,1,0,0,0.0,1,0.0,54.0,1,0,0,2
390,2,1,0,0,0,0,0.0,1,0.0,35.0,0,1,0,3
391,1,1,0,0,0,0,0.0,1,0.0,35.0,0,1,0,3
392,2,1,0,0,0,0,0.0,1,0.0,0.0,1,0,0,0
393,1,3,1,1,0,0,0.0,1,0.0,0.0,1,0,0,2
394,1,1,0,1,0,0,0.0,1,0.0,0.0,1,0,0,0
395,3,3,1,1,1,1,7.0,1,12.4,28.79,1,0,0,1
396,1,3,1,1,0,0,0.0,1,0.0,0.0,1,0,0,2
397,1,3,1,1,0,0,0.0,1,0.0,27.39,1,0,0,2
398,1,3,1,1,0,0,0.0,1,0.0,22.7,1,0,0,2
399,1,3,1,1,0,0,0.0,1,0.0,0.0,1,0,0,2
400,1,3,1,1,0,0,0.0,1,0.0,0.0,1,0,0,2
401,1,3,1,1,0,0,0.0,1,0.0,0.0,1,0,0,2
402,1,3,1,1,0,0,0.0,1,0.0,0.0,1,0,0,2
403,1,3,1,1,0,0,0.0,1,0.0,0.0,1,0,0,2
404,1,3,1,1,0,0,0.0,1,0.0,0.0,1,0,0,2
405,2,3,1,1,0,0,0.0,1,0.0,0.0,1,0,0,2
406,1,3,1,1,0,0,0.0,1,0.0,0.0,1,0,0,2
407,1,3,1,1,0,0,0.0,1,0.0,17.98,1,0,0,2
408,3,3,1,1,1,0,0.0,1,0.0,40.0,1,0,0,2
409,2,1,0,0,0,0,0.0,1,0.0,0.0,1,0,0,0
410,1,3,1,1,0,0,0.0,1,0.0,0.01,1,0,0,2
411,1,1,0,0,0,0,0.0,1,0.0,0.0,1,0,0,0
412,1,3,1,1,0,0,0.0,1,0.0,0.0,1,0,0,2
413,2,1,0,0,0,0,0.0,1,0.0,0.0,1,0,0,0
414,1,2,0,1,0,0,0.0,1,0.0,0.0,1,0,0,0
415,1,3,1,1,0,0,0.0,1,0.0,0.0,1,0,0,2
416,1,1,0,0,0,0,0.0,1,0.0,0.0,1,0,0,0
417,2,1,0,0,0,0,0.0,1,0.0,0.01,1,0,0,0
418,2,2,0,1,0,0,0.0,1,0.0,49.0,1,0,0,2
419,1,2,0,1,0,0,0.0,1,0.0,35.0,1,0,0,0
420,2,3,1,1,0,0,0.0,1,0.0,0.0,1,0,0,2
421,1,1,0,0,0,0,0.0,1,0.0,46.87,1,0,0,0
422,2,1,0,0,0,0,0.0,1,0.0,0.01,1,0,0,0
424,1,1,0,0,0,0,0.0,1,0.0,0.0,1,0,0,0
425,1,1,0,0,0,0,0.0,1,0.0,0.0,1,0,0,0
426,1,2,0,1,0,0,0.0,1,0.0,48.32,1,0,0,2
427,1,1,0,0,0,0,0.0,1,0.0,21.7,1,0,0,0
428,2,1,0,0,0,0,0.0,1,0.0,0.0,1,0,0,0
429,1,2,0,1,0,0,0.0,1,0.0,0.0,1,0,0,0
430,1,3,1,1,4,0,0.0,1,0.0,47.6,1,0,0,2
431,2,1,0,0,0,0,0.0,1,0.0,0.0,1,0,0,0
432,2,1,0,0,0,0,0.0,1,0.0,0.0,1,0,0,0
433,1,2,0,1,0,0,0.0,1,0.0,48.32,1,0,0,2
434,1,1,0,0,0,0,0.0,1,0.0,38.8,1,0,0,0
435,2,1,0,0,0,0,0.0,1,0.0,0.0,1,0,0,0
436,2,1,0,0,0,0,0.0,1,0.0,0.0,1,0,0,0
437,1,3,1,1,0,0,0.0,1,0.0,20.0,1,0,0,2
438,1,3,1,1,0,0,0.0,1,0.0,2.81,1,0,0,2
439,1,2,0,1,0,0,0.0,1,0.0,2.81,1,0,0,0
440,1,3,1,1,0,0,0.0,1,0.0,0.01,1,0,0,2
441,2,1,0,0,0,0,0.0,1,0.0,0.0,1,0,0,0
442,1,1,0,0,0,0,0.0,1,0.0,22.0,1,0,0,0
443,3,3,1,1,3,0,0.0,1,0.0,36.0,1,0,0,2
444,2,1,0,0,0,0,0.0,1,0.0,0.0,1,0,0,0
445,2,1,0,0,0,0,0.0,1,0.0,0.0,1,0,0,0
446,2,1,0,0,0,0,0.0,1,0.0,0.0,1,0,0,0
447,1,2,0,1,0,0,0.0,1,0.0,0.0,1,0,0,0
448,1,1,0,0,0,0,0.0,1,0.0,0.0,1,0,0,0
449,1,3,1,1,0,0,0.0,1,0.0,25.0,1,0,0,2
450,1,1,0,1,0,0,0.0,1,0.0,0.0,1,0,0,0
451,1,1,0,0,0,0,0.0,1,0.0,0.0,1,0,0,0
452,1,1,0,0,0,0,0.0,1,0.0,0.0,1,0,0,0
453,2,1,0,0,0,0,0.0,1,0.0,0.0,1,0,0,0
454,2,1,0,0,0,0,0.0,1,0.0,0.0,1,0,0,0
455,2,1,0,0,0,0,0.0,1,0.0,0.0,1,0,0,0
456,1,1,0,0,0,0,0.0,1,0.0,0.0,1,0,0,0
457,1,3,1,1,0,0,0.0,1,0.0,45.51,1,0,0,2
458,2,1,0,0,0,0,0.0,1,0.0,0.0,1,0,0,0
459,1,1,0,0,0,0,0.0,1,0.0,0.0,1,0,0,0
460,2,1,0,0,0,0,0.0,1,0.0,0.0,1,0,0,0
461,1,3,1,1,0,0,0.0,1,0.0,41.98,1,0,0,2
462,2,1,0,0,0,0,0.0,1,0.0,0.0,1,0,0,0
463,2,1,0,1,0,0,0.0,1,0.0,0.0,1,0,0,0
464,1,1,0,0,0,0,0.0,1,0.0,0.0,1,0,0,0
465,2,1,0,0,0,0,0.0,1,0.0,0.0,1,0,0,0
466,2,1,0,0,0,0,0.0,1,0.0,0.0,1,0,0,0
467,2,1,0,0,0,0,0.0,1,0.0,0.0,1,0,0,0
468,2,1,0,0,0,0,0.0,1,0.0,0.0,1,0,0,0
469,1,3,1,1,0,0,0.0,1,0.0,20.0,1,0,0,2
470,1,1,0,1,0,0,0.0,1,0.0,9.0,0,1,0,3
471,1,1,0,0,0,0,0.0,1,0.0,0.0,1,0,0,0
472,1,2,0,1,0,0,0.0,1,0.0,0.0,1,0,0,0
473,1,1,0,0,0,0,0.0,1,0.0,0.0,1,0,0,0
474,1,1,0,1,0,0,0.0,1,0.0,0.0,1,0,0,0
475,3,3,1,1,1,0,0.0,1,0.0,0.0,1,0,0,2
476,2,1,0,0,0,0,0.0,1,0.0,0.0,1,0,0,0
477,1,3,1,1,0,0,0.0,1,0.0,0.0,1,0,0,2
478,1,3,1,1,0,0,0.0,1,0.0,0.0,1,0,0,2
479,1,3,1,1,0,0,0.0,1,0.0,0.0,1,0,0,2
480,1,1,0,0,0,0,0.0,1,0.0,0.0,1,0,0,0
481,1,1,0,0,0,0,0.0,1,0.0,0.0,1,0,0,0
482,1,3,1,1,0,0,0.0,1,0.0,0.0,1,0,0,2
483,1,3,1,1,0,0,0.0,1,0.0,19.0,1,0,0,2
484,1,3,1,1,0,0,0.0,1,0.0,12.8,0,1,0,3
486,1,3,1,1,0,0,0.0,1,0.0,0.0,1,0,0,2
487,1,3,1,1,0,0,0.0,1,0.0,0.0,1,0,0,2
488,3,3,1,1,1,0,0.0,1,0.0,14.6,1,0,0,2
489,2,1,0,0,0,0,0.0,1,0.0,0.0,1,0,0,0
490,1,1,0,0,0,0,0.0,1,0.0,0.0,1,0,0,0
491,1,1,0,0,0,0,0.0,1,0.0,0.0,1,0,0,0
492,2,1,0,0,0,0,0.0,1,0.0,0.0,1,0,0,0
493,2,1,0,0,0,0,0.0,1,0.0,0.0,1,0,0,0
494,2,1,0,0,0,0,0.0,1,0.0,0.0,1,0,0,0
495,2,1,0,0,0,0,0.0,1,0.0,0.0,1,0,0,0
496,2,1,0,0,0,0,0.0,1,0.0,0.0,1,0,0,0
497,2,1,0,0,0,0,0.0,1,0.0,0.0,1,0,0,0
498,2,1,0,0,0,0,0.0,1,0.0,0.0,1,0,0,0
499,2,1,0,0,0,0,0.0,1,0.0,0.0,1,0,0,0
500,2,1,0,0,0,0,0.0,1,0.0,0.0,1,0,0,0
501,2,1,0,0,0,0,0.0,1,0.0,0.0,1,0,0,0
502,2,1,0,0,0,0,0.0,1,0.0,0.0,1,0,0,0
503,2,1,0,0,0,0,0.0,1,0.0,0.0,1,0,0,0
504,2,1,0,0,0,0,0.0,1,0.0,0.0,1,0,0,0
505,1,3,1,1,0,0,0.0,1,0.0,0.0,1,0,0,2
506,1,1,0,1,0,0,0.0,1,0.0,0.01,1,0,0,0
507,1,3,1,1,0,0,0.0,1,0.0,20.0,1,0,0,2
508,1,3,1,1,0,0,0.0,1,0.0,18.0,1,0,0,2
509,1,1,0,0,0,0,0.0,1,0.0,0.01,1,0,0,0
510,2,2,0,1,0,0,0.0,1,0.0,31.0,1,0,0,0
511,1,3,1,1,0,0,0.0,1,0.0,0.0,1,0,0,2
512,2,1,0,0,0,0,0.0,1,0.0,0.0,1,0,0,0
513,2,3,1,1,0,0,0.0,1,0.0,0.0,1,0,0,2
514,3,3,1,1,1,1,7.0,1,33.0,56.0,1,0,0,1
515,3,3,1,1,1,0,0.0,1,0.0,0.0,1,0,0,2
516,1,3,1,1,0,0,0.0,1,0.0,0.0,1,0,0,2
517,3,3,1,1,1,0,0.0,1,0.0,0.0,1,0,0,2
519,2,1,0,0,0,0,0.0,1,0.0,0.0,1,0,0,0
520,1,3,1,1,0,0,0.0,1,0.0,0.0,1,0,0,2
521,3,3,1,1,1,0,0.0,1,0.0,39.0,1,0,0,2
522,1,3,1,1,0,0,0.0,1,0.0,0.0,1,0,0,2
523,1,2,0,1,0,0,0.0,1,0.0,0.0,1,0,0,0
524,1,3,1,1,0,0,0.0,1,0.0,0.0,1,0,0,2
525,1,2,0,1,0,0,0.0,1,0.0,0.0,1,0,0,0
526,2,1,0,0,0,0,0.0,1,0.0,0.0,1,0,0,0
527,1,3,1,1,4,0,0.0,1,0.0,0.01,1,0,0,2
528,3,3,1,1,1,0,0.0,1,0.0,42.0,1,0,0,2
529,3,3,1,1,1,0,0.0,1,0.0,0.0,1,0,0,2
531,2,3,1,1,0,0,0.0,1,0.0,50.0,1,0,0,2
532,1,3,1,1,0,0,0.0,1,0.0,45.0,1,0,0,2
533,1,3,1,1,0,0,0.0,1,0.0,0.0,1,0,0,2
534,3,3,1,1,1,0,0.0,1,0.0,54.0,1,0,0,2
535,2,1,0,0,0,0,0.0,1,0.0,0.0,1,0,0,0
537,3,3,1,1,1,0,0.0,1,0.0,26.62,1,0,0,2
538,2,1,0,1,0,0,0.0,1,0.0,0.0,1,0,0,0
539,1,3,1,1,4,1,10.0,1,87.0,45.0,1,0,0,1
540,1,1,0,0,0,0,0.0,1,0.0,0.0,1,0,0,0
541,1,3,1,1,0,0,0.0,1,0.0,0.0,1,0,0,2
542,3,3,1,1,2,1,10.0,1,87.0,45.0,1,0,0,1
543,3,3,1,1,3,1,10.0,1,87.0,40.0,1,0,0,1
544,3,2,0,1,1,0,0.0,1,0.0,45.0,1,0,0,2
545,1,3,1,1,0,0,0.0,1,0.0,26.62,1,0,0,2
546,3,3,1,1,2,1,10.0,1,87.0,45.0,1,0,0,1
547,2,3,1,1,4,1,10.0,1,87.0,45.0,1,0,0,1
548,1,3,1,1,0,1,10.0,1,87.0,36.0,1,0,0,1
549,1,2,0,1,0,0,0.0,1,0.0,0.0,1,0,0,0
550,1,3,1,1,4,0,0.0,1,0.0,35.27,1,0,0,2
551,3,3,1,1,1,0,0.0,1,0.0,1.0,1,0,0,2
552,3,3,1,1,2,1,10.0,1,87.0,45.0,1,0,0,1
553,1,2,0,1,0,0,0.0,1,0.0,50.2,1,0,0,2
554,1,2,1,1,0,0,0.0,1,0.0,6.17,1,0,0,2
555,1,3,1,1,0,0,0.0,1,0.0,96.7,1,0,0,2
556,1,3,1,1,0,0,0.0,1,0.0,16.6,1,0,0,2
557,1,3,1,1,0,0,0.0,1,0.0,16.6,1,0,0,2
558,1,2,1,1,0,0,0.0,1,0.0,6.17,1,0,0,2
559,1,3,1,1,0,0,0.0,1,0.0,0.05,1,0,0,2
560,1,1,0,0,0,0,0.0,1,0.0,0.0,1,0,0,0
561,1,3,1,1,0,0,0.0,1,0.0,6.17,1,0,0,2
562,1,2,1,1,0,0,0.0,1,0.0,6.17,1,0,0,2
563,1,3,1,1,0,0,0.0,1,0.0,2.3,1,0,0,2
564,3,3,1,1,1,0,0.0,1,0.0,16.0,1,0,0,2
565,1,3,1,1,0,0,0.0,1,0.0,0.0,1,0,0,2
566,1,3,1,1,0,0,0.0,1,0.0,16.0,1,0,0,2
567,1,1,0,0,0,0,0.0,1,0.0,0.0,1,0,0,0
568,1,3,1,1,0,0,0.0,1,0.0,1.5,1,0,0,2
569,1,2,0,1,0,0,0.0,1,0.0,1.5,1,0,0,0
570,2,1,0,0,0,0,0.0,1,0.0,0.0,1,0,0,0
571,1,3,1,1,0,0,0.0,1,0.0,0.22,1,0,0,2
572,3,3,1,1,1,0,0.0,1,0.0,42.0,1,0,0,2
573,3,3,1,1,1,0,0.0,1,0.0,99.99,1,0,0,2
574,1,3,1,1,4,0,0.0,1,0.0,42.0,1,0,0,2
575,1,2,0,1,0,0,0.0,1,0.0,0.0,1,0,0,0
576,3,3,1,1,1,0,0.0,1,0.0,99.99,1,0,0,2
577,1,2,0,1,0,0,0.0,1,0.0,0.0,1,0,0,0
578,1,3,1,1,0,0,0.0,1,0.0,72.48,0,0,1,4
579,1,3,1,1,0,0,0.0,1,0.0,19.52,1,0,0,2
580,1,3,1,1,0,0,0.0,1,0.0,0.16,1,0,0,2
581,2,1,0,0,0,0,0.0,1,0.0,0.0,1,0,0,0
582,2,1,0,0,0,0,0.0,1,0.0,0.0,1,0,0,0
583,2,1,0,0,0,0,0.0,1,0.0,0.0,1,0,0,0
584,2,1,0,1,0,0,0.0,1,0.0,40.0,0,0,1,4
585,1,3,1,1,0,0,0.0,1,0.0,30.0,1,0,0,2
586,2,1,0,0,0,0,0.0,1,0.0,0.0,1,0,0,0
587,1,3,1,1,0,0,0.0,1,0.0,2.0,1,0,0,2
588,2,1,0,0,0,0,0.0,1,0.0,0.0,1,0,0,0
589,1,3,1,1,4,0,0.0,1,0.0,0.0,1,0,0,2
590,1,3,1,1,4,0,0.0,1,0.0,0.0,1,0,0,2
591,1,1,0,0,0,0,0.0,1,0.0,0.0,1,0,0,0
593,1,3,1,1,0,0,0.0,1,0.0,0.0,1,0,0,2
594,1,3,1,1,4,0,0.0,1,0.0,72.48,0,0,1,4
595,1,3,1,1,4,0,0.0,1,0.0,0.0,1,0,0,2
596,1,1,0,0,0,0,0.0,1,0.0,0.0,1,0,0,0
597,1,3,1,1,0,0,0.0,1,0.0,0.0,1,0,0,2
598,1,3,1,1,0,0,0.0,1,0.0,0.0,1,0,0,2
599,1,1,0,0,0,0,0.0,1,0.0,2.0,1,0,0,0
600,1,3,1,1,0,0,0.0,1,0.0,0.0,1,0,0,2
601,1,2,0,1,0,0,0.0,1,0.0,0.0,1,0,0,0
602,1,1,0,0,0,0,0.0,1,0.0,2.0,1,0,0,0
603,1,3,1,1,0,0,0.0,1,0.0,20.01,1,0,0,2
604,1,2,0,1,0,0,0.0,1,0.0,0.01,1,0,0,0
605,1,2,0,1,0,0,0.0,1,0.0,0.0,1,0,0,0
606,1,3,1,1,4,0,0.0,1,0.0,35.0,1,0,0,2
607,1,1,0,0,0,0,0.0,1,0.0,0.0,1,0,0,0
608,2,1,0,0,0,0,0.0,1,0.0,0.0,1,0,0,0
609,1,1,0,0,0,0,0.0,1,0.0,50.0,1,0,0,0
610,1,1,0,0,0,0,0.0,1,0.0,100.0,1,0,0,0
611,1,1,0,0,0,0,0.0,1,0.0,20.0,1,0,0,0
612,1,3,1,1,0,0,0.0,1,0.0,1.0,1,0,0,2
613,1,3,1,1,0,0,0.0,1,0.0,0.0,1,0,0,2
614,1,3,1,1,0,0,0.0,1,0.0,0.0,1,0,0,2
615,1,3,1,1,0,0,0.0,1,0.0,3.0,1,0,0,2
616,1,3,1,1,0,0,0.0,1,0.0,0.0,1,0,0,2
617,1,3,1,1,0,0,0.0,1,0.0,5.0,1,0,0,2
618,1,1,0,1,0,0,0.0,1,0.0,0.0,1,0,0,0
619,2,1,0,0,0,0,0.0,1,0.0,12.0,1,0,0,0
620,2,1,0,0,0,0,0.0,1,0.0,12.0,1,0,0,0
621,1,1,0,0,0,0,0.0,1,0.0,5.0,1,0,0,0
622,2,1,0,0,0,0,0.0,1,0.0,8.0,1,0,0,0
623,1,1,0,0,0,0,0.0,1,0.0,12.0,1,0,0,0
624,2,1,0,0,0,0,0.0,1,0.0,12.0,1,0,0,0
625,1,1,0,0,0,0,0.0,1,0.0,12.0,1,0,0,0
626,1,1,0,0,0,0,0.0,1,0.0,5.0,1,0,0,0
627,2,1,0,0,0,0,0.0,1,0.0,8.0,1,0,0,0
628,2,1,0,0,0,0,0.0,1,0.0,12.0,1,0,0,0
629,1,1,0,0,0,0,0.0,1,0.0,0.0,1,0,0,0
630,1,3,1,1,0,0,0.0,1,0.0,2.5,1,0,0,2
631,1,2,0,1,0,0,0.0,1,0.0,0.0,1,0,0,0
632,1,3,1,1,4,0,0.0,1,0.0,20.0,1,0,0,2
633,2,1,0,0,0,0,0.0,1,0.0,0.0,1,0,0,0
634,2,1,0,0,0,0,0.0,1,0.0,0.0,0,1,0,3
635,2,1,0,0,0,0,0.0,1,0.0,0.0,1,0,0,0
636,2,1,0,0,0,0,0.0,1,0.0,10.0,1,0,0,0
637,2,1,0,0,0,0,0.0,1,0.0,0.01,0,1,0,3
638,2,1,0,0,0,0,0.0,1,0.0,0.01,0,1,0,3
639,2,1,0,0,0,0,0.0,1,0.0,0.01,0,1,0,3
640,2,1,0,0,0,0,0.0,1,0.0,10.0,1,0,0,0
641,2,1,0,0,0,0,0.0,1,0.0,10.0,0,1,0,3
642,2,1,0,0,0,0,0.0,1,0.0,0.0,0,1,0,3
643,2,1,0,0,0,0,0.0,1,0.0,0.0,1,0,0,0
644,1,1,0,0,0,0,0.0,1,0.0,0.0,0,1,0,3
645,1,1,0,0,0,0,0.0,1,0.0,10.0,0,1,0,3
646,2,1,0,0,0,0,0.0,1,0.0,0.0,1,0,0,0
647,1,3,1,1,0,0,0.0,1,0.0,0.65,0,0,1,4
648,1,3,1,1,0,0,0.0,1,0.0,0.0,1,0,0,2
649,1,3,1,1,0,0,0.0,1,0.0,3.33,1,0,0,2
650,2,1,0,0,0,0,0.0,1,0.0,5.0,0,1,0,3
651,2,1,0,0,0,0,0.0,1,0.0,30.0,0,1,0,3
652,1,2,0,1,0,0,0.0,1,0.0,5.0,0,1,0,3
653,2,1,0,0,0,0,0.0,1,0.0,0.01,0,1,0,3
654,2,1,0,0,0,0,0.0,1,0.0,5.0,0,1,0,3
655,2,1,0,0,0,0,0.0,1,0.0,0.01,0,1,0,3
656,1,3,1,1,4,0,0.0,1,0.0,3.0,1,0,0,2
657,2,1,0,0,0,0,0.0,1,0.0,3.0,1,0,0,0
658,2,1,0,0,0,0,0.0,1,0.0,0.0,0,1,0,3
659,2,2,0,1,0,0,0.0,1,0.0,0.0,0,1,0,3
660,2,3,1,1,4,0,0.0,1,0.0,10.0,0,1,0,3
661,2,1,0,0,0,0,0.0,1,0.0,10.0,0,1,0,3
662,2,1,0,0,0,0,0.0,1,0.0,0.0,0,1,0,3
663,1,1,0,0,0,0,0.0,1,0.0,0.0,0,1,0,3
664,2,1,0,0,0,0,0.0,1,0.0,0.0,0,1,0,3
665,1,3,1,1,4,0,0.0,1,0.0,15.0,1,0,0,2
666,2,1,0,0,0,0,0.0,1,0.0,15.0,0,1,0,3
667,1,3,1,1,0,0,0.0,1,0.0,0.01,1,0,0,2
668,2,1,0,0,0,0,0.0,1,0.0,2.0,1,0,0,0
669,2,1,0,0,0,0,0.0,1,0.0,0.0,0,1,0,3
670,1,1,0,0,0,0,0.0,1,0.0,10.0,1,0,0,0
671,2,1,0,0,0,0,0.0,1,0.0,0.0,1,0,0,0
672,2,1,0,0,0,0,0.0,1,0.0,3.0,1,0,0,0
673,2,1,0,0,0,0,0.0,1,0.0,10.0,0,1,0,3
674,1,1,0,0,0,0,0.0,1,0.0,15.0,1,0,0,0
675,2,1,0,0,0,0,0.0,1,0.0,0.0,1,0,0,0
676,2,1,0,0,0,0,0.0,1,0.0,0.0,0,1,0,3
677,2,1,0,0,0,0,0.0,1,0.0,0.0,0,1,0,3
678,1,3,1,1,0,0,0.0,1,0.0,0.01,1,0,0,2
679,2,1,0,0,0,0,0.0,1,0.0,0.0,0,1,0,3
680,2,1,0,0,0,0,0.0,1,0.0,0.0,1,0,0,0
681,2,1,0,0,0,0,0.0,1,0.0,0.0,0,1,0,3
682,2,1,0,1,0,0,0.0,1,0.0,0.01,1,0,0,0
683,2,3,1,1,4,0,0.0,1,0.0,0.01,0,1,0,3
684,2,1,0,0,0,0,0.0,1,0.0,0.0,0,1,0,3
685,2,1,0,0,0,0,0.0,1,0.0,0.0,0,1,0,3
686,2,1,0,0,0,0,0.0,1,0.0,0.0,1,0,0,0
687,2,1,0,0,0,0,0.0,1,0.0,0.0,1,0,0,0
688,1,2,0,1,0,0,0.0,1,0.0,0.0,1,0,0,0
689,1,1,0,0,0,0,0.0,1,0.0,0.0,1,0,0,0
690,1,2,0,1,0,0,0.0,1,0.0,0.0,1,0,0,0
691,1,1,0,1,0,0,0.0,1,0.0,1.0,0,1,0,3
692,2,1,0,0,0,0,0.0,1,0.0,0.0,1,0,0,0
693,2,1,0,0,0,0,0.0,1,0.0,0.0,0,1,0,3
694,2,1,0,0,0,0,0.0,1,0.0,0.0,0,1,0,3
695,1,3,1,1,0,0,0.0,1,0.0,0.01,1,0,0,2
696,1,3,1,1,0,0,0.0,1,0.0,0.01,1,0,0,2
697,2,2,0,1,0,0,0.0,1,0.0,10.0,1,0,0,0
698,1,2,0,1,0,0,0.0,1,0.0,10.0,0,1,0,3
699,2,1,0,0,0,0,0.0,1,0.0,10.0,1,0,0,0
700,2,1,0,0,0,0,0.0,1,0.0,10.0,1,0,0,0
701,2,1,0,0,0,0,0.0,1,0.0,10.0,1,0,0,0
702,1,2,0,1,0,0,0.0,1,0.0,0.01,1,0,0,0
703,2,2,0,1,0,0,0.0,1,0.0,5.0,1,0,0,0
704,2,2,0,1,0,0,0.0,1,0.0,5.0,1,0,0,0
705,2,1,0,0,0,0,0.0,1,0.0,0.0,1,0,0,0
706,2,1,0,0,0,0,0.0,1,0.0,0.0,1,0,0,0
707,1,3,1,1,0,0,0.0,1,0.0,4.0,0,1,0,3
708,1,3,1,1,0,0,0.0,1,0.0,4.0,0,1,0,3
709,1,3,1,1,0,0,0.0,1,0.0,4.0,1,0,0,2
710,1,2,0,1,0,0,0.0,1,0.0,5.0,0,1,0,3
711,1,3,1,1,0,0,0.0,1,0.0,6.7,1,0,0,2
712,1,3,1,1,0,0,0.0,1,0.0,0.0,1,0,0,2
713,1,3,1,1,0,0,0.0,1,0.0,0.0,1,0,0,2
714,1,3,1,1,0,0,0.0,1,0.0,6.7,1,0,0,2
715,1,3,1,1,0,0,0.0,1,0.0,1.0,1,0,0,2
716,1,3,1,1,0,0,0.0,1,0.0,0.0,1,0,0,2
717,1,1,0,0,0,0,0.0,1,0.0,0.0,0,1,0,3
718,1,3,1,1,4,0,0.0,1,0.0,1.0,1,0,0,2
719,1,3,1,1,0,1,50.0,1,6.0,10.0,1,0,0,1
720,2,2,0,1,4,0,0.0,1,0.0,80.0,1,0,0,2
721,2,2,0,1,0,0,0.0,1,0.0,12.0,1,0,0,0
722,2,2,0,1,0,0,0.0,1,0.0,20.0,1,0,0,0
723,2,1,0,0,0,0,0.0,1,0.0,0.0,0,1,0,3
724,1,3,1,1,0,0,0.0,1,0.0,40.0,1,0,0,2
725,2,1,0,0,0,0,0.0,1,0.0,35.0,1,0,0,0
726,2,1,0,0,0,0,0.0,1,0.0,40.0,1,0,0,0
727,2,1,0,0,0,0,0.0,1,0.0,40.0,1,0,0,0
728,1,3,1,1,0,0,0.0,1,0.0,35.0,1,0,0,2
729,2,1,0,0,0,0,0.0,1,0.0,40.0,1,0,0,0
730,2,2,0,1,0,0,0.0,1,0.0,40.0,1,0,0,0
731,2,1,0,0,0,0,0.0,1,0.0,40.0,1,0,0,0
732,2,1,0,0,0,0,0.0,1,0.0,40.0,1,0,0,0
733,2,1,0,0,0,0,0.0,1,0.0,40.0,1,0,0,0
734,2,1,0,0,0,0,0.0,1,0.0,35.0,1,0,0,0
735,2,1,0,0,0,0,0.0,1,0.0,40.0,1,0,0,0
736,2,1,0,0,0,0,0.0,1,0.0,40.0,1,0,0,0
737,2,2,0,1,0,0,0.0,1,0.0,40.0,1,0,0,0
738,2,1,0,0,0,0,0.0,1,0.0,40.0,1,0,0,0
739,0,0,0,0,0,0,0.0,1,0.0,0.0,1,0,0,0
740,2,1,0,0,0,0,0.0,1,0.0,40.0,1,0,0,0
741,0,0,0,0,0,0,0.0,1,0.0,0.0,1,0,0,0
742,2,1,0,0,0,0,0.0,1,0.0,0.15,1,0,0,0
743,2,3,1,1,0,0,0.0,1,0.0,0.01,1,0,0,2
744,1,1,0,0,0,0,0.0,1,0.0,30.0,1,0,0,0
745,2,2,0,1,0,0,0.0,1,0.0,0.05,1,0,0,0
746,2,3,1,1,0,0,0.0,1,0.0,0.01,1,0,0,2
748,0,0,0,0,0,0,0.0,1,0.0,0.0,1,0,0,0
749,0,0,0,0,0,0,0.0,1,0.0,0.0,1,0,0,0
750,2,1,0,0,0,0,0.0,1,0.0,0.05,1,0,0,0
751,0,0,0,0,0,0,0.0,1,0.0,0.0,1,0,0,0
752,2,1,0,0,0,0,0.0,1,0.0,0.01,1,0,0,0
753,2,1,0,0,0,0,0.0,1,0.0,0.01,1,0,0,0
754,2,1,0,0,0,0,0.0,1,0.0,0.0,1,0,0,0
755,1,2,0,1,0,0,0.0,1,0.0,0.01,1,0,0,0
756,0,0,0,0,0,0,0.0,1,0.0,0.0,1,0,0,0
757,1,2,0,1,0,0,0.0,1,0.0,0.01,1,0,0,0
758,1,3,1,1,0,0,0.0,1,0.0,0.6,1,0,0,2
760,3,2,0,1,1,0,0.0,1,0.0,35.0,0,1,0,3
761,0,0,0,0,0,0,0.0,1,0.0,0.0,1,0,0,0
762,2,3,1,1,0,0,0.0,1,0.0,0.03,0,1,0,3
763,0,0,0,0,0,0,0.0,1,0.0,0.0,1,0,0,0
764,1,1,0,0,0,0,0.0,1,0.0,0.2,1,0,0,0
766,0,0,0,0,0,0,0.0,1,0.0,0.0,1,0,0,0
767,0,0,0,0,0,0,0.0,1,0.0,0.0,1,0,0,0
768,3,2,0,1,1,0,0.0,1,0.0,0.02,1,0,0,0
769,2,1,0,0,0,0,0.0,1,0.0,0.15,1,0,0,0
770,2,3,1,1,0,0,0.0,1,0.0,0.06,1,0,0,2
771,2,2,0,1,0,0,0.0,1,0.0,0.01,1,0,0,0
772,0,0,0,0,0,0,0.0,1,0.0,0.0,1,0,0,0
773,1,1,0,0,0,0,0.0,1,0.0,70.0,1,0,0,0
774,0,0,0,0,0,0,0.0,1,0.0,0.0,1,0,0,0
775,1,1,0,0,0,0,0.0,1,0.0,20.0,1,0,0,0
776,2,1,0,1,0,0,0.0,1,0.0,0.01,1,0,0,0
777,0,0,0,0,0,0,0.0,1,0.0,0.0,1,0,0,0
778,0,0,0,0,0,0,0.0,1,0.0,0.0,1,0,0,0
779,2,3,1,1,0,0,0.0,1,0.0,0.18,1,0,0,2
780,0,0,0,0,0,0,0.0,1,0.0,0.0,0,1,0,3
782,1,1,0,1,0,0,0.0,1,0.0,0.01,1,0,0,0
783,2,2,0,1,0,0,0.0,1,0.0,0.2,1,0,0,0
784,1,2,0,1,0,0,0.0,1,0.0,0.2,1,0,0,0
785,2,3,1,1,0,0,0.0,1,0.0,0.03,0,1,0,3
786,2,1,0,0,0,0,0.0,1,0.0,40.0,1,0,0,0
787,2,1,0,0,0,0,0.0,1,0.0,0.0,1,0,0,0
788,2,3,1,1,0,0,0.0,1,0.0,0.18,0,1,0,3
789,3,3,1,1,1,0,0.0,1,0.0,0.0,1,0,0,2
790,0,0,0,0,0,0,0.0,1,0.0,0.0,1,0,0,0
791,0,0,0,0,0,0,0.0,1,0.0,0.0,1,0,0,0
792,2,2,0,1,0,0,0.0,1,0.0,0.01,1,0,0,0
793,2,1,0,1,0,0,0.0,1,0.0,0.2,1,0,0,0
794,0,0,0,0,0,0,0.0,1,0.0,0.0,1,0,0,0
795,2,1,0,1,0,0,0.0,1,0.0,40.0,1,0,0,0
796,2,1,0,0,0,0,0.0,1,0.0,0.05,1,0,0,0
797,2,1,0,0,0,0,0.0,1,0.0,0.1,1,0,0,0
798,2,2,0,1,0,0,0.0,1,0.0,0.2,1,0,0,0
799,1,2,0,1,0,0,0.0,1,0.0,0.01,1,0,0,0
800,2,1,0,0,0,0,0.0,1,0.0,0.15,1,0,0,0
801,1,2,0,1,0,0,0.0,1,0.0,0.2,1,0,0,0
802,1,1,0,0,0,0,0.0,1,0.0,0.01,1,0,0,0
803,0,0,0,0,0,0,0.0,1,0.0,0.0,1,0,0,0
804,0,0,0,0,0,0,0.0,1,0.0,0.0,1,0,0,0
805,2,1,0,0,0,0,0.0,1,0.0,0.01,1,0,0,0
806,2,2,0,1,0,0,0.0,1,0.0,40.0,1,0,0,0
807,1,1,0,0,0,0,0.0,1,0.0,0.01,1,0,0,0
808,1,1,0,0,0,0,0.0,1,0.0,0.04,1,0,0,0
809,2,2,0,1,0,0,0.0,1,0.0,1.0,1,0,0,0
810,0,0,0,0,0,0,0.0,1,0.0,0.0,1,0,0,0
811,0,0,0,0,0,0,0.0,1,0.0,0.0,1,0,0,0
812,0,0,0,0,0,0,0.0,1,0.0,0.0,1,0,0,0
813,1,1,0,0,0,0,0.0,1,0.0,40.0,1,0,0,0
814,2,1,0,0,0,0,0.0,1,0.0,0.03,1,0,0,0
815,2,1,0,0,0,0,0.0,1,0.0,0.02,1,0,0,0
816,3,3,1,1,1,0,0.0,1,0.0,0.18,1,0,0,2
817,3,2,0,1,1,0,0.0,1,0.0,40.0,1,0,0,2
819,2,3,1,1,0,0,0.0,1,0.0,0.03,0,1,0,3
820,3,1,0,1,1,0,0.0,1,0.0,0.06,1,0,0,0
821,2,2,0,1,0,0,0.0,1,0.0,0.05,1,0,0,0
822,0,0,0,0,0,0,0.0,1,0.0,0.0,1,0,0,0
823,0,0,0,0,0,0,0.0,1,0.0,0.0,0,1,0,3
825,0,0,0,0,0,0,0.0,1,0.0,0.0,1,0,0,0
827,0,0,0,0,0,0,0.0,1,0.0,0.0,1,0,0,0
828,2,1,0,0,0,0,0.0,1,0.0,0.01,1,0,0,0
829,2,1,0,0,0,0,0.0,1,0.0,0.0,1,0,0,0
830,0,0,0,0,0,0,0.0,1,0.0,0.0,1,0,0,0
834,1,1,0,0,0,0,0.0,1,0.0,0.01,1,0,0,0
835,0,0,0,0,0,0,0.0,1,0.0,0.0,1,0,0,0
836,1,1,0,0,0,0,0.0,1,0.0,0.01,1,0,0,0
837,1,1,0,1,0,0,0.0,1,0.0,0.01,1,0,0,0
838,1,1,0,0,0,0,0.0,1,0.0,0.01,1,0,0,0
839,1,2,0,1,0,0,0.0,1,0.0,0.01,1,0,0,0
840,3,2,0,1,1,0,0.0,1,0.0,0.01,1,0,0,0
841,2,1,0,1,0,0,0.0,1,0.0,0.01,1,0,0,0
842,3,2,0,1,1,0,0.0,1,0.0,0.01,1,0,0,0
843,2,2,0,1,0,0,0.0,1,0.0,0.01,1,0,0,0
844,0,0,0,0,0,0,0.0,1,0.0,0.0,1,0,0,0
845,2,2,0,1,0,0,0.0,1,0.0,0.01,1,0,0,0
846,2,1,0,1,0,0,0.0,1,0.0,0.05,1,0,0,0
847,2,3,1,1,0,0,0.0,1,0.0,40.0,1,0,0,2
848,1,1,0,1,0,0,0.0,1,0.0,0.01,1,0,0,0
849,2,1,0,0,0,0,0.0,1,0.0,0.25,1,0,0,0
850,1,1,0,1,0,0,0.0,1,0.0,0.01,1,0,0,0
851,1,1,0,1,0,0,0.0,1,0.0,0.01,1,0,0,0
852,1,1,0,0,0,0,0.0,1,0.0,50.0,0,1,0,3
854,1,1,0,0,0,0,0.0,1,0.0,0.01,1,0,0,0
855,2,1,0,0,0,0,0.0,1,0.0,0.1,1,0,0,0
856,1,1,0,1,0,0,0.0,1,0.0,0.01,1,0,0,0
857,2,1,0,0,0,0,0.0,1,0.0,0.05,1,0,0,0
858,1,2,0,1,0,0,0.0,1,0.0,0.01,1,0,0,0
859,2,2,0,1,0,0,0.0,1,0.0,0.01,1,0,0,0
860,2,1,0,0,0,0,0.0,1,0.0,0.25,1,0,0,0
861,0,0,0,0,0,0,0.0,1,0.0,0.0,1,0,0,0
862,0,0,0,0,0,0,0.0,1,0.0,0.0,1,0,0,0
863,1,1,0,0,0,0,0.0,1,0.0,0.01,1,0,0,0
864,1,2,0,1,0,0,0.0,1,0.0,0.01,1,0,0,0
866,2,1,0,0,0,0,0.0,1,0.0,0.0,1,0,0,0
867,2,2,0,1,0,0,0.0,1,0.0,0.01,0,1,0,3
868,1,3,1,1,0,0,0.0,1,0.0,50.0,1,0,0,2
869,2,2,0,1,0,0,0.0,1,0.0,0.05,1,0,0,0
870,0,0,0,0,0,0,0.0,1,0.0,0.0,1,0,0,0
871,1,1,0,0,0,0,0.0,1,0.0,0.01,1,0,0,0
872,2,1,0,0,0,0,0.0,1,0.0,0.01,1,0,0,0
873,1,2,0,1,0,0,0.0,1,0.0,35.0,1,0,0,0
874,1,1,0,0,0,0,0.0,1,0.0,0.01,1,0,0,0
875,1,1,0,0,0,0,0.0,1,0.0,0.01,1,0,0,0
876,0,0,0,0,0,0,0.0,1,0.0,0.0,1,0,0,0
877,1,2,0,1,0,0,0.0,1,0.0,0.01,1,0,0,0
879,2,2,0,1,0,0,0.0,1,0.0,50.0,1,0,0,2
880,1,1,0,0,0,0,0.0,1,0.0,50.0,1,0,0,0
881,2,2,0,1,0,0,0.0,1,0.0,0.1,0,1,0,3
882,3,3,1,1,1,0,0.0,1,0.0,1.0,1,0,0,2
883,1,1,0,0,0,0,0.0,1,0.0,50.0,1,0,0,0
884,2,1,0,0,0,0,0.0,1,0.0,0.01,1,0,0,0
885,1,1,0,0,0,0,0.0,1,0.0,0.01,1,0,0,0
886,1,1,0,0,0,0,0.0,1,0.0,0.01,1,0,0,0
887,3,1,0,1,1,0,0.0,1,0.0,0.01,1,0,0,0
888,2,2,0,1,0,0,0.0,1,0.0,0.01,1,0,0,0
889,2,1,0,1,0,0,0.0,1,0.0,0.01,1,0,0,0
890,1,1,0,0,0,0,0.0,1,0.0,0.01,1,0,0,0
891,2,2,0,1,0,0,0.0,1,0.0,50.0,1,0,0,2
892,2,1,0,1,0,0,0.0,1,0.0,40.0,1,0,0,0
893,1,2,0,1,0,0,0.0,1,0.0,40.0,1,0,0,2
894,3,1,0,1,1,0,0.0,1,0.0,40.0,1,0,0,0
895,1,3,1,1,0,0,0.0,1,0.0,0.08,1,0,0,2
896,2,1,0,0,0,0,0.0,1,0.0,0.01,1,0,0,0
897,2,2,0,1,0,0,0.0,1,0.0,40.0,1,0,0,0
899,2,2,0,1,0,0,0.0,1,0.0,40.0,0,1,0,3
900,2,2,0,1,0,0,0.0,1,0.0,0.0,0,1,0,3
901,3,3,1,1,1,0,0.0,1,0.0,50.0,1,0,0,2
902,2,2,0,1,0,0,0.0,1,0.0,40.0,1,0,0,0
903,0,0,0,0,0,0,0.0,1,0.0,0.0,1,0,0,0
904,2,3,1,1,4,0,0.0,1,0.0,0.8,1,0,0,2
906,0,0,0,0,0,0,0.0,1,0.0,0.0,1,0,0,0
907,1,1,0,0,0,1,5.0,1,8.0,0.01,1,0,0,0
908,2,1,0,0,0,0,0.0,1,0.0,80.0,1,0,0,0
909,2,1,0,0,0,0,0.0,1,0.0,98.0,0,1,0,3
910,2,1,0,0,0,0,0.0,1,0.0,0.0,1,0,0,0
911,2,1,0,0,0,0,0.0,1,0.0,0.0,1,0,0,0
912,2,1,0,0,0,0,0.0,1,0.0,0.0,1,0,0,0
913,2,1,0,0,0,0,0.0,1,0.0,0.0,1,0,0,0
914,2,1,0,0,0,0,0.0,1,0.0,0.0,1,0,0,0
915,2,1,0,0,0,0,0.0,1,0.0,0.0,1,0,0,0
916,1,3,1,1,0,0,0.0,1,0.0,0.07,1,0,0,2
917,1,3,1,1,0,0,0.0,1,0.0,0.01,1,0,0,2
918,1,3,1,1,0,0,0.0,1,0.0,0.0,1,0,0,2
919,2,1,0,0,0,0,0.0,1,0.0,0.0,1,0,0,0
920,3,3,1,1,1,0,0.0,1,0.0,0.23,1,0,0,2
921,3,1,0,1,1,0,0.0,1,0.0,0.01,1,0,0,0
922,2,1,0,0,0,0,0.0,1,0.0,40.0,0,1,0,3
923,1,1,0,0,0,0,0.0,1,0.0,0.0,1,0,0,0
924,1,3,1,1,0,0,0.0,1,0.0,0.5,1,0,0,2
925,1,1,0,0,0,0,0.0,1,0.0,0.0,1,0,0,0
926,1,3,1,1,0,0,0.0,1,0.0,0.5,1,0,0,2
927,1,3,1,1,0,0,0.0,1,0.0,0.5,1,0,0,2
928,1,1,0,0,0,0,0.0,1,0.0,0.0,1,0,0,0
929,1,3,1,1,0,0,0.0,1,0.0,4.79,1,0,0,2
930,1,3,1,1,0,0,0.0,1,0.0,0.5,1,0,0,2
931,1,3,1,1,0,0,0.0,1,0.0,0.01,1,0,0,2
932,2,1,0,0,0,0,0.0,1,0.0,15.0,0,1,0,3
933,2,1,0,0,0,0,0.0,1,0.0,15.0,0,1,0,3
